age,Height,Weight,Name,Email,Gender,BMI,Goal,Usercode,no_data,Id,password
47,179,95,Camile,cogbourne0@soup.io,Female,0,0,0,501 ,test1,test1
42,181,93,Omar,omayo1@tiny.cc,Male,0,0,0,502 ,test2,test2
50,171,74,Emmie,ecleator2@booking.com,Female,0,0,0,503 ,test3,test3
30,165,73,Julieta,jcowoppe3@disqus.com,Female,0,0,0,504 ,test4,test4
38,178,80,Jordan,jmacaulay4@google.com.hk,Female,0,0,0,505 ,test5,test5
28,189,89,Jermayne,jchadburn5@tamu.edu,Male,0,0,0,506 ,test6,test6
32,175,83,Blakelee,bswyn6@ebay.com,Female,0,0,0,507 ,test7,test7
35,169,66,Cris,cjorioz7@4shared.com,Female,0,0,0,508 ,test8,test8
42,180,90,Jade,jbartlomieczak8@gnu.org,Female,0,0,0,509 ,test9,test9
42,174,82,Cammy,cdymott9@google.com,Female,0,0,0,510 ,test10,test10
24,166,75,Cornelius,cgorsea@icq.com,Male,0,0,0,511 ,test11,test11
45,173,74,Micki,mlardeurb@nhs.uk,Female,0,0,0,512 ,test12,test12
36,174,69,Graig,ghellikesc@hhs.gov,Male,0,0,0,513 ,test13,test13
45,168,68,Jermain,jbecerrad@illinois.edu,Male,0,0,0,514 ,test14,test14
46,167,77,Ernie,efawleye@ezinearticles.com,Male,0,0,0,515 ,test15,test15
27,177,91,Lemmie,ldomsallaf@google.cn,Male,0,0,0,516 ,test16,test16
29,185,80,Jory,jmaskellg@cbsnews.com,Male,0,0,0,517 ,test17,test17
23,186,96,Bob,brochesterh@deliciousdays.com,Male,0,0,0,518 ,test18,test18
49,160,61,Nettle,nskipperi@plala.or.jp,Female,0,0,0,519 ,test19,test19
48,157,79,Tiertza,tmcgettiganj@delicious.com,Female,0,0,0,520 ,test20,test20
35,177,78,Saidee,sfoundsk@tinypic.com,Female,0,0,0,521 ,test21,test21
29,178,75,Ettore,edoranl@infoseek.co.jp,Male,0,0,0,522 ,test22,test22
37,165,60,Tabbatha,twongm@zimbio.com,Female,0,0,0,523 ,test23,test23
46,176,73,Courtnay,cgrievsonn@statcounter.com,Female,0,0,0,524 ,test24,test24
36,192,84,Kristos,kattrilo@networksolutions.com,Male,0,0,0,525 ,test25,test25
27,164,73,Tiffani,tshandp@telegraph.co.uk,Female,0,0,0,526 ,test26,test26
47,179,105,Brok,bprimakq@tinypic.com,Male,0,0,0,527 ,test27,test27
35,172,76,Win,witzcovichchr@shareasale.com,Male,0,0,0,528 ,test28,test28
35,169,75,Normie,nroggieris@patch.com,Male,0,0,0,529 ,test29,test29
43,168,75,Milty,mglasscockt@samsung.com,Male,0,0,0,530 ,test30,test30
33,170,85,Ambrosio,amcnellyu@squarespace.com,Male,0,0,0,531 ,test31,test31
20,170,83,Frayda,feggarv@webeden.co.uk,Female,0,0,0,532 ,test32,test32
39,172,95,Erny,erawlynsw@jigsy.com,Male,0,0,0,533 ,test33,test33
30,170,71,Alberta,acousinx@wix.com,Female,0,0,0,534 ,test34,test34
29,171,81,Nelli,ngoldingayy@dailymail.co.uk,Female,0,0,0,535 ,test35,test35
21,174,80,Flinn,fweeklandz@mail.ru,Male,0,0,0,536 ,test36,test36
44,178,64,Emera,ebernard10@tripadvisor.com,Female,0,0,0,537 ,test37,test37
49,165,70,Colin,cthatcham11@gmpg.org,Male,0,0,0,538 ,test38,test38
47,174,80,Elsbeth,eyokelman12@ed.gov,Female,0,0,0,539 ,test39,test39
22,180,73,Alessandro,areburn13@delicious.com,Male,0,0,0,540 ,test40,test40
48,178,84,Sheela,snorledge14@hugedomains.com,Female,0,0,0,541 ,test41,test41
49,171,77,Cordula,cfleeming15@technorati.com,Female,0,0,0,542 ,test42,test42
30,172,75,Georgette,ggrewe16@ustream.tv,Female,0,0,0,543 ,test43,test43
48,186,93,Hillyer,hsmitheman17@economist.com,Male,0,0,0,544 ,test44,test44
24,161,83,Evan,ehercules18@prnewswire.com,Male,0,0,0,545 ,test45,test45
36,172,82,Ediva,eculshew19@exblog.jp,Female,0,0,0,546 ,test46,test46
35,168,50,Marlie,mpratten1a@paypal.com,Female,0,0,0,547 ,test47,test47
28,170,63,Gardner,ghabishaw1b@scribd.com,Male,0,0,0,548 ,test48,test48
40,179,82,Livvie,llestrange1c@about.com,Female,0,0,0,549 ,test49,test49
50,180,82,Lavinie,lgaggen1d@ed.gov,Female,0,0,0,550 ,test50,test50
31,174,79,Tedda,tcamellini1e@tinyurl.com,Female,0,0,0,551 ,test51,test51
36,182,87,Marje,msarath1f@pcworld.com,Female,0,0,0,552 ,test52,test52
47,167,62,Charin,cshevlane1g@uol.com.br,Female,0,0,0,553 ,test53,test53
46,185,91,Yasmin,ystivers1h@newsvine.com,Female,0,0,0,554 ,test54,test54
41,167,73,Kelvin,kdrewett1i@1und1.de,Male,0,0,0,555 ,test55,test55
21,170,65,Natalina,nroskam1j@craigslist.org,Female,0,0,0,556 ,test56,test56
29,167,77,Max,mleadbeatter1k@gravatar.com,Male,0,0,0,557 ,test57,test57
28,180,86,Alexandre,abuckland1l@discuz.net,Male,0,0,0,558 ,test58,test58
33,180,82,Yard,yfearnyhough1m@yale.edu,Male,0,0,0,559 ,test59,test59
20,179,83,Bobby,bhazael1n@google.co.jp,Male,0,0,0,560 ,test60,test60
30,173,93,Kareem,krance1o@ucoz.ru,Male,0,0,0,561 ,test61,test61
27,181,90,Ford,ffeckey1p@independent.co.uk,Male,0,0,0,562 ,test62,test62
27,172,60,Brian,bagget1q@lulu.com,Male,0,0,0,563 ,test63,test63
36,167,75,Philippa,pridout1r@51.la,Female,0,0,0,564 ,test64,test64
50,178,88,Mable,mbarthelet1s@nsw.gov.au,Female,0,0,0,565 ,test65,test65
47,157,65,Mac,mgarrals1t@omniture.com,Male,0,0,0,566 ,test66,test66
27,169,81,Flint,flindbergh1u@list-manage.com,Male,0,0,0,567 ,test67,test67
24,168,71,Johny,jdaudray1v@google.ru,Male,0,0,0,568 ,test68,test68
21,168,80,Gordy,gwarrilow1w@prlog.org,Male,0,0,0,569 ,test69,test69
45,189,79,Viola,vganderton1x@tinypic.com,Female,0,0,0,570 ,test70,test70
21,182,72,Gerek,gblei1y@ebay.co.uk,Male,0,0,0,571 ,test71,test71
27,174,71,Astrix,anaughton1z@bbb.org,Female,0,0,0,572 ,test72,test72
49,187,102,Licha,lgerran20@angelfire.com,Female,0,0,0,573 ,test73,test73
36,175,79,Nelly,nmoral21@dailymotion.com,Female,0,0,0,574 ,test74,test74
49,166,76,Willem,wshowler22@answers.com,Male,0,0,0,575 ,test75,test75
22,169,84,Base,btudge23@netvibes.com,Male,0,0,0,576 ,test76,test76
29,179,88,Nicolea,noconnolly24@mysql.com,Female,0,0,0,577 ,test77,test77
38,171,71,Chiquia,cdrinan25@prnewswire.com,Female,0,0,0,578 ,test78,test78
26,168,66,Rodi,rkorneluk26@shinystat.com,Female,0,0,0,579 ,test79,test79
30,155,68,Elton,eroll27@newyorker.com,Male,0,0,0,580 ,test80,test80
50,169,69,Salvador,sdubock28@acquirethisname.com,Male,0,0,0,581 ,test81,test81
30,170,80,Merola,mtate29@over-blog.com,Female,0,0,0,582 ,test82,test82
31,167,77,Milissent,mbelasco2a@admin.ch,Female,0,0,0,583 ,test83,test83
41,174,71,Katerina,kgors2b@goo.ne.jp,Female,0,0,0,584 ,test84,test84
20,174,76,Darryl,dmarple2c@bloomberg.com,Female,0,0,0,585 ,test85,test85
41,173,78,Phillie,ptrahair2d@cloudflare.com,Female,0,0,0,586 ,test86,test86
40,169,79,Cliff,cbuten2e@lulu.com,Male,0,0,0,587 ,test87,test87
32,173,78,Briant,bdumelow2f@google.pl,Male,0,0,0,588 ,test88,test88
32,180,81,Ole,ogreguoli2g@studiopress.com,Male,0,0,0,589 ,test89,test89
40,170,68,Pierce,pschober2h@cbsnews.com,Male,0,0,0,590 ,test90,test90
30,166,68,Deedee,dcasone2i@weibo.com,Female,0,0,0,591 ,test91,test91
21,182,94,Flemming,fverne2j@furl.net,Male,0,0,0,592 ,test92,test92
37,170,93,Thorny,tnetting2k@theguardian.com,Male,0,0,0,593 ,test93,test93
46,175,65,Lacy,lainsworth2l@ehow.com,Female,0,0,0,594 ,test94,test94
24,168,75,Nanni,nmethingam2m@zdnet.com,Female,0,0,0,595 ,test95,test95
28,180,65,Brock,btaks2n@senate.gov,Male,0,0,0,596 ,test96,test96
33,168,68,Muriel,mraccio2o@joomla.org,Female,0,0,0,597 ,test97,test97
32,179,93,Rubetta,rpiet2p@taobao.com,Female,0,0,0,598 ,test98,test98
22,172,61,Pedro,pbuey2q@bravesites.com,Male,0,0,0,599 ,test99,test99
31,170,71,Hy,hpiner2r@admin.ch,Male,0,0,0,600 ,test100,test100
